tweet_id,timestamp,source,rating,dog_type,year,month,weekday
890240255349198849,2017-07-26 15:59:51,iPhone,1.4,doggo,2017,July,Wednesday
884162670584377345,2017-07-09 21:29:42,iPhone,1.2,doggo,2017,July,Sunday
872967104147763200,2017-06-09 00:02:31,iPhone,1.2,doggo,2017,June,Friday
871515927908634625,2017-06-04 23:56:03,iPhone,1.2,doggo,2017,June,Sunday
871102520638267392,2017-06-03 20:33:19,iPhone,1.4,doggo,2017,June,Saturday
869596645499047938,2017-05-30 16:49:31,iPhone,1.2,doggo,2017,May,Tuesday
858843525470990336,2017-05-01 00:40:27,iPhone,1.3,doggo,2017,May,Monday
855851453814013952,2017-04-22 18:31:02,iPhone,1.3,doggo,2017,April,Saturday
854010172552949760,2017-04-17 16:34:26,iPhone,1.1,doggo,2017,April,Monday
846514051647705089,2017-03-28 00:07:32,iPhone,1.3,doggo,2017,March,Tuesday
845397057150107648,2017-03-24 22:08:59,iPhone,1.3,doggo,2017,March,Friday
836753516572119041,2017-03-01 01:42:39,iPhone,1.2,doggo,2017,March,Wednesday
834574053763584002,2017-02-23 01:22:14,iPhone,1.3,doggo,2017,February,Thursday
834089966724603904,2017-02-21 17:18:39,iPhone,1.0,doggo,2017,February,Tuesday
832998151111966721,2017-02-18 17:00:10,iPhone,1.3,doggo,2017,February,Saturday
832273440279240704,2017-02-16 17:00:25,iPhone,1.4,doggo,2017,February,Thursday
832032802820481025,2017-02-16 01:04:13,iPhone,1.2,doggo,2017,February,Thursday
831939777352105988,2017-02-15 18:54:34,iPhone,1.2,doggo,2017,February,Wednesday
831322785565769729,2017-02-14 02:02:51,iPhone,1.2,doggo,2017,February,Tuesday
829449946868879360,2017-02-08 22:00:52,iPhone,1.1,doggo,2017,February,Wednesday
829374341691346946,2017-02-08 17:00:26,iPhone,1.3,doggo,2017,February,Wednesday
828381636999917570,2017-02-05 23:15:47,iPhone,1.4,doggo,2017,February,Sunday
826958653328592898,2017-02-02 01:01:21,iPhone,1.2,doggo,2017,February,Thursday
826848821049180160,2017-02-01 17:44:55,iPhone,1.3,doggo,2017,February,Wednesday
826476773533745153,2017-01-31 17:06:32,iPhone,1.2,doggo,2017,January,Tuesday
826204788643753985,2017-01-30 23:05:46,iPhone,1.3,doggo,2017,January,Monday
821765923262631936,2017-01-18 17:07:18,iPhone,1.3,doggo,2017,January,Wednesday
821407182352777218,2017-01-17 17:21:47,iPhone,1.4,doggo,2017,January,Tuesday
821107785811234820,2017-01-16 21:32:06,iPhone,1.1,doggo,2017,January,Monday
819924195358416896,2017-01-13 15:08:56,iPhone,1.1,doggo,2017,January,Friday
819006400881917954,2017-01-11 02:21:57,iPhone,1.4,doggo,2017,January,Wednesday
819004803107983360,2017-01-11 02:15:36,iPhone,1.4,doggo,2017,January,Wednesday
817777686764523521,2017-01-07 16:59:28,iPhone,1.3,doggo,2017,January,Saturday
813910438903693312,2016-12-28 00:52:25,iPhone,1.1,doggo,2016,December,Wednesday
813202720496779264,2016-12-26 02:00:11,iPhone,1.1,doggo,2016,December,Monday
813127251579564032,2016-12-25 21:00:18,iPhone,1.1,doggo,2016,December,Sunday
813096984823349248,2016-12-25 19:00:02,iPhone,1.1,doggo,2016,December,Sunday
808106460588765185,2016-12-12 00:29:28,iPhone,1.2,doggo,2016,December,Monday
801115127852503040,2016-11-22 17:28:25,iPhone,1.2,doggo,2016,November,Tuesday
800018252395122689,2016-11-19 16:49:49,iPhone,1.1,doggo,2016,November,Saturday
799757965289017345,2016-11-18 23:35:32,iPhone,1.3,doggo,2016,November,Friday
796484825502875648,2016-11-09 22:49:15,iPhone,1.2,doggo,2016,November,Wednesday
795464331001561088,2016-11-07 03:14:10,iPhone,1.3,doggo,2016,November,Monday
786363235746385920,2016-10-13 00:29:39,iPhone,1.3,doggo,2016,October,Thursday
785639753186217984,2016-10-11 00:34:48,iPhone,1.0,doggo,2016,October,Tuesday
782747134529531904,2016-10-03 01:00:34,iPhone,1.1,doggo,2016,October,Monday
782305867769217024,2016-10-01 19:47:08,iPhone,1.2,doggo,2016,October,Saturday
781655249211752448,2016-09-30 00:41:48,Vine-Make a Scene,1.1,doggo,2016,September,Friday
781308096455073793,2016-09-29 01:42:20,Vine-Make a Scene,1.2,doggo,2016,September,Thursday
780074436359819264,2016-09-25 16:00:13,Vine-Make a Scene,1.0,doggo,2016,September,Sunday
775733305207554048,2016-09-13 16:30:07,iPhone,1.1,doggo,2016,September,Tuesday
775364825476165632,2016-09-12 16:05:54,iPhone,1.1,doggo,2016,September,Monday
771908950375665664,2016-09-03 03:13:29,iPhone,1.3,doggo,2016,September,Saturday
768193404517830656,2016-08-23 21:09:14,iPhone,0.8,doggo,2016,August,Tuesday
767191397493538821,2016-08-21 02:47:37,iPhone,1.3,doggo,2016,August,Sunday
760893934457552897,2016-08-03 17:43:45,iPhone,1.1,doggo,2016,August,Wednesday
760521673607086080,2016-08-02 17:04:31,Vine-Make a Scene,1.2,doggo,2016,August,Tuesday
759793422261743616,2016-07-31 16:50:42,iPhone,1.2,doggo,2016,July,Sunday
758828659922702336,2016-07-29 00:57:05,iPhone,1.3,doggo,2016,July,Friday
757393109802180609,2016-07-25 01:52:43,iPhone,1.0,doggo,2016,July,Monday
756526248105566208,2016-07-22 16:28:07,iPhone,1.3,doggo,2016,July,Friday
755206590534418437,2016-07-19 01:04:16,iPhone,1.4,doggo,2016,July,Tuesday
752682090207055872,2016-07-12 01:52:49,iPhone,1.0,doggo,2016,July,Tuesday
752660715232722944,2016-07-12 00:27:52,iPhone,1.0,doggo,2016,July,Tuesday
752334515931054080,2016-07-11 02:51:40,iPhone,0.8,doggo,2016,July,Monday
751583847268179968,2016-07-09 01:08:47,iPhone,0.5,doggo,2016,July,Saturday
750011400160841729,2016-07-04 17:00:26,Tweet-Deck,1.1,doggo,2016,July,Monday
749075273010798592,2016-07-02 03:00:36,Vine-Make a Scene,1.1,doggo,2016,July,Saturday
748932637671223296,2016-07-01 17:33:49,iPhone,1.3,doggo,2016,July,Friday
748692773788876800,2016-07-01 01:40:41,iPhone,1.0,doggo,2016,July,Friday
745433870967832576,2016-06-22 01:50:58,iPhone,1.0,doggo,2016,June,Wednesday
744234799360020481,2016-06-18 18:26:18,iPhone,1.3,doggo,2016,June,Saturday
742534281772302336,2016-06-14 01:49:03,Vine-Make a Scene,1.1,doggo,2016,June,Tuesday
741067306818797568,2016-06-10 00:39:48,iPhone,1.2,doggo,2016,June,Friday
739623569819336705,2016-06-06 01:02:55,Vine-Make a Scene,1.2,doggo,2016,June,Monday
739238157791694849,2016-06-04 23:31:25,iPhone,1.3,doggo,2016,June,Saturday
735256018284875776,2016-05-24 23:47:49,iPhone,0.8,doggo,2016,May,Tuesday
733109485275860992,2016-05-19 01:38:16,iPhone,1.2,doggo,2016,May,Thursday
732375214819057664,2016-05-17 01:00:32,iPhone,1.1,doggo,2016,May,Tuesday
727644517743104000,2016-05-03 23:42:26,iPhone,1.3,doggo,2016,May,Tuesday
724771698126512129,2016-04-26 01:26:53,iPhone,1.1,doggo,2016,April,Tuesday
719991154352222208,2016-04-12 20:50:42,iPhone,1.0,doggo,2016,April,Tuesday
716080869887381504,2016-04-02 01:52:38,iPhone,1.1,doggo,2016,April,Saturday
883360690899218434,2017-07-07 16:22:55,iPhone,1.3,floofer,2017,July,Friday
854010172552949760,2017-04-17 16:34:26,iPhone,1.1,floofer,2017,April,Monday
800388270626521089,2016-11-20 17:20:08,iPhone,1.2,floofer,2016,November,Sunday
776218204058357768,2016-09-15 00:36:55,iPhone,1.3,floofer,2016,September,Thursday
749317047558017024,2016-07-02 19:01:20,iPhone,1.2,floofer,2016,July,Saturday
746542875601690625,2016-06-25 03:17:46,Vine-Make a Scene,1.1,floofer,2016,June,Saturday
737445876994609152,2016-05-31 00:49:32,iPhone,1.3,floofer,2016,May,Tuesday
733822306246479872,2016-05-21 00:50:46,iPhone,1.0,floofer,2016,May,Saturday
689993469801164801,2016-01-21 02:10:37,Vine-Make a Scene,1.2,floofer,2016,January,Thursday
685307451701334016,2016-01-08 03:50:03,iPhone,1.1,floofer,2016,January,Friday
886366144734445568,2017-07-15 23:25:31,iPhone,1.2,pupper,2017,July,Saturday
882762694511734784,2017-07-06 00:46:41,iPhone,1.2,pupper,2017,July,Thursday
881536004380872706,2017-07-02 15:32:16,iPhone,1.4,pupper,2017,July,Sunday
876838120628539392,2017-06-19 16:24:33,iPhone,1.2,pupper,2017,June,Monday
874296783580663808,2017-06-12 16:06:11,iPhone,1.3,pupper,2017,June,Monday
873213775632977920,2017-06-09 16:22:42,iPhone,1.2,pupper,2017,June,Friday
871762521631449091,2017-06-05 16:15:56,iPhone,1.2,pupper,2017,June,Monday
866450705531457537,2017-05-22 00:28:40,iPhone,1.3,pupper,2017,May,Monday
854120357044912130,2017-04-17 23:52:16,iPhone,1.4,pupper,2017,April,Monday
850019790995546112,2017-04-06 16:18:05,iPhone,1.2,pupper,2017,April,Thursday
845306882940190720,2017-03-24 16:10:40,iPhone,1.2,pupper,2017,March,Friday
837820167694528512,2017-03-04 00:21:08,iPhone,1.2,pupper,2017,March,Saturday
837110210464448512,2017-03-02 01:20:01,iPhone,1.3,pupper,2017,March,Thursday
836380477523124226,2017-02-28 01:00:19,iPhone,1.2,pupper,2017,February,Tuesday
833124694597443584,2017-02-19 01:23:00,iPhone,1.2,pupper,2017,February,Sunday
831315979191906304,2017-02-14 01:35:49,Web-Client,1.3,pupper,2017,February,Tuesday
827933404142436356,2017-02-04 17:34:40,iPhone,1.2,pupper,2017,February,Saturday
824325613288833024,2017-01-25 18:38:36,iPhone,1.3,pupper,2017,January,Wednesday
822462944365645825,2017-01-20 15:17:01,iPhone,1.4,pupper,2017,January,Friday
819238181065359361,2017-01-11 17:42:57,Web-Client,1.0,pupper,2017,January,Wednesday
817777686764523521,2017-01-07 16:59:28,iPhone,1.3,pupper,2017,January,Saturday
815966073409433600,2017-01-02 17:00:46,iPhone,1.3,pupper,2017,January,Monday
814986499976527872,2016-12-31 00:08:17,iPhone,1.1,pupper,2016,December,Saturday
811386762094317568,2016-12-21 01:44:13,iPhone,1.1,pupper,2016,December,Wednesday
808733504066486276,2016-12-13 18:01:07,iPhone,1.2,pupper,2016,December,Tuesday
808106460588765185,2016-12-12 00:29:28,iPhone,1.2,pupper,2016,December,Monday
807621403335917568,2016-12-10 16:22:02,iPhone,1.4,pupper,2016,December,Saturday
803638050916102144,2016-11-29 16:33:36,iPhone,1.3,pupper,2016,November,Tuesday
801115127852503040,2016-11-22 17:28:25,iPhone,1.2,pupper,2016,November,Tuesday
800459316964663297,2016-11-20 22:02:27,iPhone,1.2,pupper,2016,November,Sunday
797971864723324932,2016-11-14 01:18:12,iPhone,1.2,pupper,2016,November,Monday
794205286408003585,2016-11-03 15:51:10,iPhone,1.4,pupper,2016,November,Thursday
789903600034189313,2016-10-22 18:57:48,Vine-Make a Scene,1.3,pupper,2016,October,Saturday
785639753186217984,2016-10-11 00:34:48,iPhone,1.0,pupper,2016,October,Tuesday
781308096455073793,2016-09-29 01:42:20,Vine-Make a Scene,1.2,pupper,2016,September,Thursday
779377524342161408,2016-09-23 17:50:56,iPhone,1.2,pupper,2016,September,Friday
778039087836069888,2016-09-20 01:12:28,iPhone,1.2,pupper,2016,September,Tuesday
778027034220126208,2016-09-20 00:24:34,iPhone,2.7,pupper,2016,September,Tuesday
776477788987613185,2016-09-15 17:48:25,iPhone,1.1,pupper,2016,September,Thursday
776113305656188928,2016-09-14 17:40:06,iPhone,1.1,pupper,2016,September,Wednesday
773985732834758656,2016-09-08 20:45:53,iPhone,1.1,pupper,2016,September,Thursday
773547596996571136,2016-09-07 15:44:53,iPhone,1.1,pupper,2016,September,Wednesday
772193107915964416,2016-09-03 22:02:38,iPhone,1.2,pupper,2016,September,Saturday
765371061932261376,2016-08-16 02:14:15,iPhone,1.1,pupper,2016,August,Tuesday
759943073749200896,2016-08-01 02:45:22,Vine-Make a Scene,1.2,pupper,2016,August,Monday
759793422261743616,2016-07-31 16:50:42,iPhone,1.2,pupper,2016,July,Sunday
756939218950160384,2016-07-23 19:49:07,iPhone,1.2,pupper,2016,July,Saturday
755955933503782912,2016-07-21 02:41:54,iPhone,1.2,pupper,2016,July,Thursday
751950017322246144,2016-07-10 01:23:49,Vine-Make a Scene,1.3,pupper,2016,July,Sunday
751583847268179968,2016-07-09 01:08:47,iPhone,0.5,pupper,2016,July,Saturday
751456908746354688,2016-07-08 16:44:23,iPhone,1.2,pupper,2016,July,Friday
750868782890057730,2016-07-07 01:47:22,iPhone,1.1,pupper,2016,July,Thursday
750506206503038976,2016-07-06 01:46:38,iPhone,0.8,pupper,2016,July,Wednesday
750383411068534784,2016-07-05 17:38:41,iPhone,0.9,pupper,2016,July,Tuesday
750071704093859840,2016-07-04 21:00:04,iPhone,1.0,pupper,2016,July,Monday
749417653287129088,2016-07-03 01:41:06,iPhone,1.1,pupper,2016,July,Sunday
748337862848962560,2016-06-30 02:10:24,Vine-Make a Scene,1.3,pupper,2016,June,Thursday
747963614829678593,2016-06-29 01:23:16,iPhone,1.0,pupper,2016,June,Wednesday
744223424764059648,2016-06-18 17:41:06,iPhone,1.2,pupper,2016,June,Saturday
743222593470234624,2016-06-15 23:24:09,iPhone,1.2,pupper,2016,June,Wednesday
742465774154047488,2016-06-13 21:16:49,iPhone,1.4,pupper,2016,June,Monday
742150209887731712,2016-06-13 00:22:53,iPhone,0.8,pupper,2016,June,Monday
741743634094141440,2016-06-11 21:27:17,iPhone,1.1,pupper,2016,June,Saturday
741067306818797568,2016-06-10 00:39:48,iPhone,1.2,pupper,2016,June,Friday
740676976021798912,2016-06-08 22:48:46,iPhone,1.1,pupper,2016,June,Wednesday
739606147276148736,2016-06-05 23:53:41,iPhone,0.9,pupper,2016,June,Sunday
736392552031657984,2016-05-28 03:04:00,Vine-Make a Scene,1.3,pupper,2016,May,Saturday
736365877722001409,2016-05-28 01:18:00,iPhone,1.1,pupper,2016,May,Saturday
735648611367784448,2016-05-26 01:47:51,iPhone,1.2,pupper,2016,May,Thursday
735137028879360001,2016-05-24 15:55:00,iPhone,0.9,pupper,2016,May,Tuesday
733109485275860992,2016-05-19 01:38:16,iPhone,1.2,pupper,2016,May,Thursday
730573383004487680,2016-05-12 01:40:42,iPhone,1.0,pupper,2016,May,Thursday
728035342121635841,2016-05-05 01:35:26,iPhone,1.2,pupper,2016,May,Thursday
728015554473250816,2016-05-05 00:16:48,iPhone,1.1,pupper,2016,May,Thursday
727524757080539137,2016-05-03 15:46:33,iPhone,1.0,pupper,2016,May,Tuesday
727314416056803329,2016-05-03 01:50:44,iPhone,1.1,pupper,2016,May,Tuesday
725786712245440512,2016-04-28 20:40:11,iPhone,1.1,pupper,2016,April,Thursday
724405726123311104,2016-04-25 01:12:38,iPhone,1.0,pupper,2016,April,Monday
724004602748780546,2016-04-23 22:38:43,iPhone,1.1,pupper,2016,April,Saturday
721001180231503872,2016-04-15 15:44:11,iPhone,1.1,pupper,2016,April,Friday
720340705894408192,2016-04-13 19:59:42,iPhone,1.0,pupper,2016,April,Wednesday
719704490224398336,2016-04-12 01:51:36,iPhone,1.2,pupper,2016,April,Tuesday
717790033953034240,2016-04-06 19:04:14,iPhone,1.0,pupper,2016,April,Wednesday
717009362452090881,2016-04-04 15:22:08,iPhone,1.0,pupper,2016,April,Monday
716447146686459905,2016-04-03 02:08:05,Vine-Make a Scene,1.3,pupper,2016,April,Sunday
712309440758808576,2016-03-22 16:06:19,iPhone,1.2,pupper,2016,March,Tuesday
711968124745228288,2016-03-21 17:30:03,iPhone,1.0,pupper,2016,March,Monday
711008018775851008,2016-03-19 01:54:56,iPhone,1.1,pupper,2016,March,Saturday
710117014656950272,2016-03-16 14:54:24,iPhone,1.1,pupper,2016,March,Wednesday
708845821941387268,2016-03-13 02:43:08,iPhone,0.9,pupper,2016,March,Sunday
707411934438625280,2016-03-09 03:45:22,iPhone,1.1,pupper,2016,March,Wednesday
707315916783140866,2016-03-08 21:23:50,iPhone,1.0,pupper,2016,March,Tuesday
706310011488698368,2016-03-06 02:46:44,iPhone,1.2,pupper,2016,March,Sunday
705975130514706432,2016-03-05 04:36:02,iPhone,1.0,pupper,2016,March,Saturday
705428427625635840,2016-03-03 16:23:38,iPhone,1.1,pupper,2016,March,Thursday
704859558691414016,2016-03-02 02:43:09,iPhone,1.0,pupper,2016,March,Wednesday
704761120771465216,2016-03-01 20:11:59,iPhone,1.3,pupper,2016,March,Tuesday
704347321748819968,2016-02-29 16:47:42,iPhone,1.0,pupper,2016,February,Monday
704134088924532736,2016-02-29 02:40:23,Vine-Make a Scene,1.2,pupper,2016,February,Monday
703611486317502464,2016-02-27 16:03:45,iPhone,1.0,pupper,2016,February,Saturday
703407252292673536,2016-02-27 02:32:12,iPhone,1.0,pupper,2016,February,Saturday
703268521220972544,2016-02-26 17:20:56,iPhone,1.2,pupper,2016,February,Friday
702598099714314240,2016-02-24 20:56:55,iPhone,1.1,pupper,2016,February,Wednesday
701805642395348998,2016-02-22 16:27:58,Vine-Make a Scene,1.1,pupper,2016,February,Monday
701545186879471618,2016-02-21 23:13:01,iPhone,1.0,pupper,2016,February,Sunday
700864154249383937,2016-02-20 02:06:50,iPhone,1.2,pupper,2016,February,Saturday
700151421916807169,2016-02-18 02:54:41,iPhone,1.1,pupper,2016,February,Thursday
700143752053182464,2016-02-18 02:24:13,iPhone,1.0,pupper,2016,February,Thursday
699801817392291840,2016-02-17 03:45:29,iPhone,1.1,pupper,2016,February,Wednesday
699434518667751424,2016-02-16 03:25:58,iPhone,1.2,pupper,2016,February,Tuesday
699036661657767936,2016-02-15 01:05:02,iPhone,1.3,pupper,2016,February,Monday
697616773278015490,2016-02-11 03:02:54,iPhone,1.1,pupper,2016,February,Thursday
697596423848730625,2016-02-11 01:42:02,iPhone,1.1,pupper,2016,February,Thursday
696877980375769088,2016-02-09 02:07:12,iPhone,0.9,pupper,2016,February,Tuesday
696713835009417216,2016-02-08 15:14:57,iPhone,0.9,pupper,2016,February,Monday
696518437233913856,2016-02-08 02:18:30,iPhone,1.0,pupper,2016,February,Monday
696100768806522880,2016-02-06 22:38:50,Vine-Make a Scene,1.0,pupper,2016,February,Saturday
695095422348574720,2016-02-04 04:03:57,iPhone,1.2,pupper,2016,February,Thursday
695074328191332352,2016-02-04 02:40:08,iPhone,1.1,pupper,2016,February,Thursday
694329668942569472,2016-02-02 01:21:07,iPhone,0.9,pupper,2016,February,Tuesday
693629975228977152,2016-01-31 03:00:47,iPhone,1.2,pupper,2016,January,Sunday
693590843962331137,2016-01-31 00:25:18,iPhone,0.3,pupper,2016,January,Sunday
693262851218264065,2016-01-30 02:41:58,iPhone,1.1,pupper,2016,January,Saturday
693095443459342336,2016-01-29 15:36:45,iPhone,1.0,pupper,2016,January,Friday
692905862751522816,2016-01-29 03:03:25,iPhone,1.0,pupper,2016,January,Friday
692828166163931137,2016-01-28 21:54:41,iPhone,1.2,pupper,2016,January,Thursday
692752401762250755,2016-01-28 16:53:37,iPhone,1.3,pupper,2016,January,Thursday
692417313023332352,2016-01-27 18:42:06,iPhone,0.7,pupper,2016,January,Wednesday
690015576308211712,2016-01-21 03:38:27,iPhone,1.2,pupper,2016,January,Thursday
689905486972461056,2016-01-20 20:21:00,iPhone,1.1,pupper,2016,January,Wednesday
689623661272240129,2016-01-20 01:41:08,iPhone,1.0,pupper,2016,January,Wednesday
689143371370250240,2016-01-18 17:52:38,iPhone,1.0,pupper,2016,January,Monday
688916208532455424,2016-01-18 02:49:58,iPhone,1.1,pupper,2016,January,Monday
688894073864884227,2016-01-18 01:22:00,iPhone,0.7,pupper,2016,January,Monday
688519176466644993,2016-01-17 00:32:18,iPhone,1.2,pupper,2016,January,Sunday
688179443353796608,2016-01-16 02:02:19,iPhone,1.0,pupper,2016,January,Saturday
687818504314159109,2016-01-15 02:08:05,iPhone,1.2,pupper,2016,January,Friday
687704180304273409,2016-01-14 18:33:48,iPhone,0.9,pupper,2016,January,Thursday
687476254459715584,2016-01-14 03:28:06,iPhone,1.1,pupper,2016,January,Thursday
687312378585812992,2016-01-13 16:36:55,iPhone,0.7,pupper,2016,January,Wednesday
687096057537363968,2016-01-13 02:17:20,iPhone,1.1,pupper,2016,January,Wednesday
686760001961103360,2016-01-12 04:01:58,Vine-Make a Scene,1.2,pupper,2016,January,Tuesday
686683045143953408,2016-01-11 22:56:10,iPhone,1.1,pupper,2016,January,Monday
686618349602762752,2016-01-11 18:39:05,iPhone,1.1,pupper,2016,January,Monday
686377065986265092,2016-01-11 02:40:19,iPhone,1.0,pupper,2016,January,Monday
686007916130873345,2016-01-10 02:13:27,iPhone,1.1,pupper,2016,January,Sunday
685943807276412928,2016-01-09 21:58:42,iPhone,0.8,pupper,2016,January,Saturday
685667379192414208,2016-01-09 03:40:16,iPhone,0.9,pupper,2016,January,Saturday
685641971164143616,2016-01-09 01:59:19,iPhone,0.7,pupper,2016,January,Saturday
685547936038666240,2016-01-08 19:45:39,iPhone,1.4,pupper,2016,January,Friday
685268753634967552,2016-01-08 01:16:17,iPhone,1.0,pupper,2016,January,Friday
685169283572338688,2016-01-07 18:41:01,iPhone,1.1,pupper,2016,January,Thursday
684880619965411328,2016-01-06 23:33:58,iPhone,0.5,pupper,2016,January,Wednesday
684830982659280897,2016-01-06 20:16:44,Vine-Make a Scene,1.3,pupper,2016,January,Wednesday
684588130326986752,2016-01-06 04:11:43,Vine-Make a Scene,1.2,pupper,2016,January,Wednesday
684147889187209216,2016-01-04 23:02:22,Vine-Make a Scene,1.2,pupper,2016,January,Monday
683834909291606017,2016-01-04 02:18:42,iPhone,0.9,pupper,2016,January,Monday
683828599284170753,2016-01-04 01:53:37,iPhone,1.2,pupper,2016,January,Monday
683481228088049664,2016-01-03 02:53:17,iPhone,1.1,pupper,2016,January,Sunday
683462770029932544,2016-01-03 01:39:57,iPhone,0.8,pupper,2016,January,Sunday
683142553609318400,2016-01-02 04:27:31,iPhone,0.9,pupper,2016,January,Saturday
683111407806746624,2016-01-02 02:23:45,iPhone,1.0,pupper,2016,January,Saturday
683078886620553216,2016-01-02 00:14:32,iPhone,0.9,pupper,2016,January,Saturday
682788441537560576,2016-01-01 05:00:24,iPhone,1.2,pupper,2016,January,Friday
682406705142087680,2015-12-31 03:43:31,iPhone,0.7,pupper,2015,December,Thursday
681891461017812993,2015-12-29 17:36:07,iPhone,1.0,pupper,2015,December,Tuesday
681694085539872773,2015-12-29 04:31:49,iPhone,1.1,pupper,2015,December,Tuesday
681679526984871937,2015-12-29 03:33:58,iPhone,0.7,pupper,2015,December,Tuesday
681654059175129088,2015-12-29 01:52:46,iPhone,1.2,pupper,2015,December,Tuesday
681231109724700672,2015-12-27 21:52:07,iPhone,1.1,pupper,2015,December,Sunday
680836378243002368,2015-12-26 19:43:36,iPhone,1.2,pupper,2015,December,Saturday
680473011644985345,2015-12-25 19:39:43,iPhone,1.0,pupper,2015,December,Friday
680191257256136705,2015-12-25 01:00:07,iPhone,1.1,pupper,2015,December,Friday
680176173301628928,2015-12-25 00:00:11,iPhone,1.0,pupper,2015,December,Friday
680145970311643136,2015-12-24 22:00:10,iPhone,1.0,pupper,2015,December,Thursday
680100725817409536,2015-12-24 19:00:23,Tweet-Deck,1.1,pupper,2015,December,Thursday
679828447187857408,2015-12-24 00:58:27,iPhone,1.3,pupper,2015,December,Thursday
679777920601223168,2015-12-23 21:37:40,iPhone,1.0,pupper,2015,December,Wednesday
679527802031484928,2015-12-23 05:03:47,iPhone,1.1,pupper,2015,December,Wednesday
679503373272485890,2015-12-23 03:26:43,iPhone,0.8,pupper,2015,December,Wednesday
678800283649069056,2015-12-21 04:52:53,iPhone,1.2,pupper,2015,December,Monday
678708137298427904,2015-12-20 22:46:44,Vine-Make a Scene,1.0,pupper,2015,December,Sunday
678389028614488064,2015-12-20 01:38:42,iPhone,1.1,pupper,2015,December,Sunday
678341075375947776,2015-12-19 22:28:09,iPhone,1.2,pupper,2015,December,Saturday
678278586130948096,2015-12-19 18:19:51,iPhone,1.0,pupper,2015,December,Saturday
677557565589463040,2015-12-17 18:34:46,iPhone,1.0,pupper,2015,December,Thursday
677269281705472000,2015-12-16 23:29:14,iPhone,1.0,pupper,2015,December,Wednesday
676936541936185344,2015-12-16 01:27:03,iPhone,0.8,pupper,2015,December,Wednesday
676916996760600576,2015-12-16 00:09:23,Vine-Make a Scene,1.0,pupper,2015,December,Wednesday
676819651066732545,2015-12-15 17:42:34,iPhone,1.2,pupper,2015,December,Tuesday
676617503762681856,2015-12-15 04:19:18,iPhone,1.3,pupper,2015,December,Tuesday
676603393314578432,2015-12-15 03:23:14,iPhone,0.9,pupper,2015,December,Tuesday
676593408224403456,2015-12-15 02:43:33,Vine-Make a Scene,1.1,pupper,2015,December,Tuesday
676575501977128964,2015-12-15 01:32:24,iPhone,0.8,pupper,2015,December,Tuesday
676470639084101634,2015-12-14 18:35:43,iPhone,1.1,pupper,2015,December,Monday
676263575653122048,2015-12-14 04:52:55,iPhone,1.0,pupper,2015,December,Monday
675898130735476737,2015-12-13 04:40:46,iPhone,1.0,pupper,2015,December,Sunday
675845657354215424,2015-12-13 01:12:15,iPhone,1.0,pupper,2015,December,Sunday
675740360753160193,2015-12-12 18:13:51,iPhone,1.2,pupper,2015,December,Saturday
675334060156301312,2015-12-11 15:19:21,iPhone,1.2,pupper,2015,December,Friday
675113801096802304,2015-12-11 00:44:07,iPhone,1.0,pupper,2015,December,Friday
675006312288268288,2015-12-10 17:37:00,iPhone,1.0,pupper,2015,December,Thursday
674774481756377088,2015-12-10 02:15:47,iPhone,1.1,pupper,2015,December,Thursday
674737130913071104,2015-12-09 23:47:22,iPhone,1.0,pupper,2015,December,Wednesday
674638615994089473,2015-12-09 17:15:54,iPhone,1.2,pupper,2015,December,Wednesday
674447403907457024,2015-12-09 04:36:06,iPhone,1.0,pupper,2015,December,Wednesday
674318007229923329,2015-12-08 20:01:55,iPhone,0.8,pupper,2015,December,Tuesday
674262580978937856,2015-12-08 16:21:41,iPhone,0.9,pupper,2015,December,Tuesday
674038233588723717,2015-12-08 01:30:12,iPhone,1.2,pupper,2015,December,Tuesday
673956914389192708,2015-12-07 20:07:04,iPhone,1.0,pupper,2015,December,Monday
673919437611909120,2015-12-07 17:38:09,iPhone,1.1,pupper,2015,December,Monday
673707060090052608,2015-12-07 03:34:14,iPhone,1.0,pupper,2015,December,Monday
673697980713705472,2015-12-07 02:58:09,iPhone,0.8,pupper,2015,December,Monday
673656262056419329,2015-12-07 00:12:23,iPhone,1.0,pupper,2015,December,Monday
673612854080196609,2015-12-06 21:19:54,iPhone,0.7,pupper,2015,December,Sunday
673363615379013632,2015-12-06 04:49:31,iPhone,1.1,pupper,2015,December,Sunday
673342308415348736,2015-12-06 03:24:51,iPhone,1.0,pupper,2015,December,Sunday
673295268553605120,2015-12-06 00:17:55,iPhone,0.8,pupper,2015,December,Sunday
673148804208660480,2015-12-05 14:35:56,iPhone,0.8,pupper,2015,December,Saturday
672988786805112832,2015-12-05 04:00:04,iPhone,1.0,pupper,2015,December,Saturday
672975131468300288,2015-12-05 03:05:49,iPhone,1.0,pupper,2015,December,Saturday
672970152493887488,2015-12-05 02:46:02,iPhone,0.7,pupper,2015,December,Saturday
672898206762672129,2015-12-04 22:00:08,iPhone,1.1,pupper,2015,December,Friday
672622327801233409,2015-12-04 03:43:54,iPhone,1.2,pupper,2015,December,Friday
672614745925664768,2015-12-04 03:13:46,iPhone,0.6,pupper,2015,December,Friday
672594978741354496,2015-12-04 01:55:13,iPhone,0.9,pupper,2015,December,Friday
672481316919734272,2015-12-03 18:23:34,iPhone,1.2,pupper,2015,December,Thursday
672254177670729728,2015-12-03 03:21:00,iPhone,1.1,pupper,2015,December,Thursday
672205392827572224,2015-12-03 00:07:09,iPhone,0.9,pupper,2015,December,Thursday
672160042234327040,2015-12-02 21:06:56,iPhone,0.8,pupper,2015,December,Wednesday
889665388333682689,2017-07-25 01:55:32,iPhone,1.3,puppo,2017,July,Tuesday
889531135344209921,2017-07-24 17:02:04,iPhone,1.3,puppo,2017,July,Monday
878776093423087618,2017-06-25 00:45:22,iPhone,1.3,puppo,2017,June,Sunday
874012996292530176,2017-06-11 21:18:31,iPhone,1.3,puppo,2017,June,Sunday
867421006826221569,2017-05-24 16:44:18,iPhone,1.2,puppo,2017,May,Wednesday
859607811541651456,2017-05-03 03:17:27,iPhone,1.3,puppo,2017,May,Wednesday
855851453814013952,2017-04-22 18:31:02,iPhone,1.3,puppo,2017,April,Saturday
825535076884762624,2017-01-29 02:44:34,iPhone,1.4,puppo,2017,January,Sunday
825026590719483904,2017-01-27 17:04:02,iPhone,1.2,puppo,2017,January,Friday
822872901745569793,2017-01-21 18:26:02,iPhone,1.3,puppo,2017,January,Saturday
819952236453363712,2017-01-13 17:00:21,iPhone,1.3,puppo,2017,January,Friday
803773340896923648,2016-11-30 01:31:12,iPhone,1.2,puppo,2016,November,Wednesday
802239329049477120,2016-11-25 19:55:35,iPhone,1.2,puppo,2016,November,Friday
793195938047070209,2016-10-31 21:00:23,iPhone,1.2,puppo,2016,October,Monday
790946055508652032,2016-10-25 16:00:09,iPhone,1.2,puppo,2016,October,Tuesday
787717603741622272,2016-10-16 18:11:26,iPhone,1.3,puppo,2016,October,Sunday
784183165795655680,2016-10-07 00:06:50,Vine-Make a Scene,1.2,puppo,2016,October,Friday
780931614150983680,2016-09-28 00:46:20,iPhone,1.3,puppo,2016,September,Wednesday
756275833623502848,2016-07-21 23:53:04,iPhone,1.0,puppo,2016,July,Thursday
752519690950500352,2016-07-11 15:07:30,iPhone,1.1,puppo,2016,July,Monday
751132876104687617,2016-07-07 19:16:47,iPhone,1.0,puppo,2016,July,Thursday
744995568523612160,2016-06-20 20:49:19,iPhone,0.9,puppo,2016,June,Monday
743253157753532416,2016-06-16 01:25:36,iPhone,1.0,puppo,2016,June,Thursday
738537504001953792,2016-06-03 01:07:16,iPhone,1.1,puppo,2016,June,Friday
